,bin_start,bin_end,rmse,count
0,0.0,1.0,0.7343977689743042,12.0
1,1.0,2.0,0.5906000137329102,87.0
2,2.0,3.0,0.6033733487129211,220.0
3,3.0,4.0,0.5576233267784119,399.0
4,4.0,5.0,0.541022002696991,639.0
5,5.0,6.0,0.5925013422966003,700.0
6,6.0,7.0,0.5120931267738342,869.0
7,7.0,8.0,0.5548357963562012,638.0
8,8.0,9.0,0.5356677770614624,401.0
9,9.0,10.0,0.8305562734603882,142.0
10,10.0,11.0,0.7820960879325867,40.0
11,11.0,12.0,0.8952522873878479,7.0
