,bin_start,bin_end,rmse,count
0,0.0,1.0,0.7946869134902954,13.0
1,1.0,2.0,1.1972299814224243,33.0
2,2.0,3.0,0.5632627010345459,103.0
3,3.0,4.0,0.5866697430610657,279.0
4,4.0,5.0,0.586670458316803,457.0
5,5.0,6.0,0.5622831583023071,577.0
6,6.0,7.0,0.5601581931114197,675.0
7,7.0,8.0,0.5900633931159973,705.0
8,8.0,9.0,0.6325907111167908,601.0
9,9.0,10.0,0.6801656484603882,533.0
10,10.0,11.0,0.49581873416900635,738.0
11,11.0,12.0,0.44861453771591187,454.0
12,12.0,13.0,0.65846848487854,90.0
