,bin_start,bin_end,rmse,count
0,0.0,1.0,1.6565274000167847,8.0
1,1.0,2.0,1.5316470861434937,75.0
2,2.0,3.0,1.1308457851409912,147.0
3,3.0,4.0,1.144281029701233,222.0
4,4.0,5.0,0.908799946308136,423.0
5,5.0,6.0,0.5851499438285828,693.0
6,6.0,7.0,0.40137726068496704,1052.0
7,7.0,8.0,0.4591273367404938,1456.0
8,8.0,9.0,0.6949530243873596,945.0
9,9.0,10.0,0.9132855534553528,219.0
10,10.0,11.0,0.9701511859893799,64.0
11,11.0,12.0,0.943916380405426,28.0
12,12.0,13.0,0.8873986601829529,24.0
