,bin_start,bin_end,rmse,count
0,0.0,1.0,1.2899938821792603,2.0
1,1.0,2.0,1.1718801259994507,17.0
2,2.0,3.0,1.0900198221206665,63.0
3,3.0,4.0,0.8326818346977234,132.0
4,4.0,5.0,0.7846981883049011,291.0
5,5.0,6.0,0.5997368097305298,589.0
6,6.0,7.0,0.5767567753791809,902.0
7,7.0,8.0,0.5056205987930298,988.0
8,8.0,9.0,0.6127333045005798,697.0
9,9.0,10.0,0.5782820582389832,303.0
10,10.0,11.0,0.4392238259315491,205.0
11,11.0,12.0,0.7162524461746216,101.0
12,12.0,13.0,0.9724735617637634,29.0
