,bin_start,bin_end,rmse,count
0,0.0,1.0,1.613707423210144,2.0
1,1.0,2.0,1.479845404624939,31.0
2,2.0,3.0,0.8795260190963745,105.0
3,3.0,4.0,0.9553084373474121,217.0
4,4.0,5.0,0.8969942927360535,335.0
5,5.0,6.0,0.7025552988052368,684.0
6,6.0,7.0,0.6007461547851562,898.0
7,7.0,8.0,0.5917797088623047,1085.0
8,8.0,9.0,0.4960953891277313,953.0
9,9.0,10.0,0.5424128770828247,448.0
10,10.0,11.0,0.7046316862106323,154.0
11,11.0,12.0,1.2830175161361694,39.0
12,12.0,13.0,2.3091723918914795,4.0
