,bin_start,bin_end,rmse,count
0,0.0,1.0,1.3508552312850952,6.0
1,1.0,2.0,1.1083229780197144,41.0
2,2.0,3.0,0.6843262314796448,116.0
3,3.0,4.0,0.8320556879043579,265.0
4,4.0,5.0,0.6819369196891785,425.0
5,5.0,6.0,0.641552209854126,606.0
6,6.0,7.0,0.457510381937027,941.0
7,7.0,8.0,0.33094117045402527,987.0
8,8.0,9.0,0.47966477274894714,520.0
9,9.0,10.0,0.49468109011650085,425.0
10,10.0,11.0,0.6899347305297852,114.0
11,11.0,12.0,1.1378862857818604,7.0
12,12.0,13.0,1.4886302947998047,1.0
