,bin_start,bin_end,rmse,count
0,0.0,1.0,1.3227198123931885,8.0
1,1.0,2.0,0.8449937105178833,41.0
2,2.0,3.0,0.7084758281707764,132.0
3,3.0,4.0,0.5732491612434387,332.0
4,4.0,5.0,0.4807412624359131,458.0
5,5.0,6.0,0.45428702235221863,935.0
6,6.0,7.0,0.33840125799179077,1688.0
7,7.0,8.0,0.4040010869503021,1085.0
8,8.0,9.0,0.5784009099006653,378.0
9,9.0,10.0,0.7558351159095764,107.0
10,10.0,11.0,1.058035969734192,27.0
11,11.0,12.0,1.1990607976913452,10.0
