,bin_start,bin_end,rmse,count
0,0.0,1.0,0.5243932604789734,27.0
1,1.0,2.0,0.9102977514266968,90.0
2,2.0,3.0,0.8662950992584229,151.0
3,3.0,4.0,0.729023277759552,209.0
4,4.0,5.0,0.6270669102668762,339.0
5,5.0,6.0,0.5347615480422974,695.0
6,6.0,7.0,0.5205460786819458,1120.0
7,7.0,8.0,0.5424867272377014,968.0
8,8.0,9.0,0.5540062189102173,704.0
9,9.0,10.0,0.6277923583984375,281.0
10,10.0,11.0,0.6127448081970215,158.0
11,11.0,12.0,1.1229733228683472,51.0
