,bin_start,bin_end,rmse,count
0,0.0,1.0,,0.0
1,1.0,2.0,1.1292721033096313,17.0
2,2.0,3.0,0.6206413507461548,78.0
3,3.0,4.0,0.6183184385299683,227.0
4,4.0,5.0,0.6166124939918518,386.0
5,5.0,6.0,0.5518978834152222,594.0
6,6.0,7.0,0.4274734556674957,1015.0
7,7.0,8.0,0.4813815653324127,1186.0
8,8.0,9.0,0.4005188047885895,769.0
9,9.0,10.0,0.42282789945602417,385.0
10,10.0,11.0,0.4424866735935211,127.0
11,11.0,12.0,0.6540833711624146,36.0
