,bin_start,bin_end,rmse,count
0,0.0,1.0,,0.0
1,1.0,2.0,1.3056193590164185,13.0
2,2.0,3.0,1.2516578435897827,19.0
3,3.0,4.0,1.3223915100097656,33.0
4,4.0,5.0,0.9374921917915344,153.0
5,5.0,6.0,0.5687845945358276,428.0
6,6.0,7.0,0.4262968599796295,1081.0
7,7.0,8.0,0.40110892057418823,1490.0
8,8.0,9.0,0.42594799399375916,875.0
9,9.0,10.0,0.47522497177124023,471.0
10,10.0,11.0,0.5171397924423218,126.0
11,11.0,12.0,1.1407804489135742,17.0
