,bin_start,bin_end,rmse,count
0,0.0,1.0,1.1412804126739502,7.0
1,1.0,2.0,0.6540101170539856,39.0
2,2.0,3.0,0.9242336750030518,105.0
3,3.0,4.0,1.1649906635284424,173.0
4,4.0,5.0,0.8540263175964355,416.0
5,5.0,6.0,0.5394062399864197,937.0
6,6.0,7.0,0.4345056712627411,1162.0
7,7.0,8.0,0.45366865396499634,859.0
8,8.0,9.0,0.5506858825683594,613.0
9,9.0,10.0,0.6979812383651733,215.0
10,10.0,11.0,1.1384197473526,30.0
11,11.0,12.0,0.8181269764900208,2.0
12,12.0,13.0,,0.0
