,bin_start,bin_end,rmse,count
0,0.0,1.0,1.4220249652862549,29.0
1,1.0,2.0,1.0185514688491821,102.0
2,2.0,3.0,0.8130913376808167,190.0
3,3.0,4.0,0.688922643661499,275.0
4,4.0,5.0,0.5734853148460388,361.0
5,5.0,6.0,0.6085449457168579,585.0
6,6.0,7.0,0.6164128184318542,928.0
7,7.0,8.0,0.5910336375236511,815.0
8,8.0,9.0,0.605326771736145,592.0
9,9.0,10.0,0.6910711526870728,482.0
10,10.0,11.0,0.8062998056411743,131.0
