,bin_start,bin_end,rmse,count
0,0.0,1.0,0.7992271184921265,6.0
1,1.0,2.0,0.5387287139892578,43.0
2,2.0,3.0,0.7517730593681335,96.0
3,3.0,4.0,1.0732641220092773,129.0
4,4.0,5.0,0.8887388110160828,253.0
5,5.0,6.0,0.5959810018539429,459.0
6,6.0,7.0,0.47372308373451233,772.0
7,7.0,8.0,0.5219131112098694,1062.0
8,8.0,9.0,0.5161525011062622,1431.0
9,9.0,10.0,0.6312886476516724,698.0
10,10.0,11.0,1.0466302633285522,148.0
11,11.0,12.0,1.4225373268127441,22.0
12,12.0,13.0,1.0520292520523071,3.0
