,bin_start,bin_end,rmse,count
0,0.0,1.0,0.9089632034301758,2.0
1,1.0,2.0,0.5484300255775452,20.0
2,2.0,3.0,0.4724312126636505,82.0
3,3.0,4.0,0.6012234091758728,186.0
4,4.0,5.0,0.6252059936523438,495.0
5,5.0,6.0,0.49248063564300537,1019.0
6,6.0,7.0,0.36399808526039124,1521.0
7,7.0,8.0,0.4793059527873993,1068.0
8,8.0,9.0,0.6151391863822937,624.0
9,9.0,10.0,0.5369386076927185,364.0
10,10.0,11.0,0.5906106233596802,152.0
11,11.0,12.0,0.6277665495872498,58.0
