,bin_start,bin_end,rmse,count
0,0.0,1.0,1.0965712070465088,16.0
1,1.0,2.0,0.7212623357772827,43.0
2,2.0,3.0,0.5466731190681458,80.0
3,3.0,4.0,0.5508391857147217,152.0
4,4.0,5.0,0.6285837292671204,315.0
5,5.0,6.0,0.5715101957321167,635.0
6,6.0,7.0,0.4990299940109253,1192.0
7,7.0,8.0,0.4871821403503418,1160.0
8,8.0,9.0,0.5373058915138245,692.0
9,9.0,10.0,0.5843316912651062,186.0
10,10.0,11.0,0.8693413138389587,91.0
11,11.0,12.0,0.6524702906608582,41.0
